id,Duration in months,Credit history,Purpose of the credit,Credit amount,Status of savings account/bonds,Present employment(years),Installment rate in percentage of disposable income,personal_status,Other debtors / guarantors,Present residence since X years,Property,Age in years,Other installment plans (banks/stores),Housing,Number of existing credits at this bank,Job,Number of people being liable to provide maintenance for,Telephone,Foreign worker,Status of existing checking account
1,,critical/other existing credit,radio/tv,1169,no known savings,>=7,4,male single,none,4,real estate,67,none,own,2,skilled,1,yes,yes,good
2,48,existing paid,radio/tv,5951,<100,1<=X<4,2,female div/dep/mar,none,2,real estate,22,none,own,1,skilled,1,none,yes,bad
3,12,critical/other existing credit,education,2096,<100,4<=X<7,2,male single,none,3,real estate,49,none,own,1,unskilled resident,2,none,yes,good
4,42,existing paid,furniture/equipment,7882,<100,4<=X<7,2,male single,guarantor,4,life insurance,45,none,for free,1,skilled,2,none,yes,good
5,24,delayed previously,new car,4870,<100,1<=X<4,3,male single,none,4,no known property,53,none,for free,2,skilled,2,none,yes,bad
6,36,existing paid,education,9055,no known savings,1<=X<4,2,male single,none,4,no known property,35,none,for free,1,unskilled resident,2,yes,yes,good
7,24,existing paid,furniture/equipment,2835,500<=X<1000,>=7,3,male single,none,4,life insurance,53,none,own,1,skilled,1,none,yes,good
8,36,existing paid,used car,6948,<100,1<=X<4,2,male single,none,2,car,35,none,rent,1,high qualif/self emp/mgmt,1,yes,yes,good
9,12,existing paid,radio/tv,3059,>=1000,4<=X<7,2,male div/sep,none,4,real estate,61,none,own,1,unskilled resident,1,none,yes,good
10,30,critical/other existing credit,new car,5234,<100,unemployed,4,male mar/wid,none,2,car,28,none,own,2,high qualif/self emp/mgmt,1,none,yes,bad
11,12,existing paid,new car,1295,<100,<1,3,female div/dep/mar,none,1,car,25,none,rent,1,skilled,1,none,yes,bad
12,48,existing paid,business,4308,<100,<1,3,female div/dep/mar,none,4,life insurance,24,none,rent,1,skilled,1,none,yes,bad
13,12,existing paid,radio/tv,1567,<100,1<=X<4,1,female div/dep/mar,none,1,car,22,none,own,1,skilled,1,yes,yes,good
14,24,critical/other existing credit,new car,1199,<100,>=7,4,male single,none,4,car,60,none,own,2,unskilled resident,1,none,,bad
15,15,existing paid,new car,1403,<100,1<=X<4,2,female div/dep/mar,none,4,car,28,none,rent,1,skilled,1,none,yes,good
16,24,existing paid,radio/tv,1282,100<=X<500,1<=X<4,4,female div/dep/mar,none,2,car,32,none,own,1,unskilled resident,1,none,yes,bad
17,24,critical/other existing credit,radio/tv,2424,no known savings,>=7,4,male single,none,4,life insurance,53,none,own,2,skilled,1,none,yes,good
18,30,no credits/all paid,business,8072,no known savings,<1,2,male single,none,3,car,25,bank,own,3,skilled,1,none,yes,good
19,24,existing paid,used car,12579,<100,>=7,4,female div/dep/mar,none,2,no known property,44,none,for free,1,high qualif/self emp/mgmt,1,yes,yes,bad
20,24,existing paid,radio/tv,3430,500<=X<1000,>=7,3,male single,none,2,car,31,none,own,1,skilled,2,yes,yes,good
21,9,critical/other existing credit,new car,2134,<100,1<=X<4,4,male single,none,4,car,48,none,own,3,skilled,1,yes,yes,
22,6,existing paid,radio/tv,2647,500<=X<1000,1<=X<4,2,male single,none,3,real estate,44,none,rent,1,skilled,2,none,yes,good
23,10,critical/other existing credit,new car,2241,<100,<1,1,male single,none,3,real estate,48,none,rent,2,unskilled resident,,none,no,good
24,12,critical/other existing credit,used car,1804,100<=X<500,<1,3,male single,none,4,life insurance,44,none,own,1,skilled,1,none,yes,good
25,10,critical/other existing credit,furniture/equipment,2069,no known savings,1<=X<4,2,male mar/wid,none,1,car,26,none,own,2,skilled,1,none,no,good
26,6,existing paid,furniture/equipment,,<100,1<=X<4,1,male single,none,2,real estate,36,bank,own,1,unskilled resident,1,yes,yes,good
27,6,no credits/all paid,radio/tv,,<100,>=7,4,male mar/wid,none,4,car,39,none,own,1,unskilled resident,1,none,yes,good
28,,all paid,radio/tv,409,>=1000,1<=X<4,3,female div/dep/mar,none,3,real estate,42,none,rent,2,skilled,1,none,yes,good
29,7,existing paid,radio/tv,2415,<100,1<=X<4,3,male single,guarantor,2,real estate,34,none,own,1,skilled,1,none,yes,good
30,60,delayed previously,business,6836,<100,>=7,3,male single,none,4,no known property,63,none,own,2,skilled,1,yes,yes,bad
31,18,existing paid,business,1913,>=1000,<1,3,male mar/wid,none,3,real estate,36,bank,own,1,skilled,1,yes,yes,good
32,24,existing paid,furniture/equipment,4020,<100,1<=X<4,2,male single,none,2,car,27,stores,own,1,skilled,1,none,yes,good
33,18,existing paid,new car,5866,100<=X<500,1<=X<4,2,male single,none,2,car,30,none,own,2,skilled,1,yes,yes,good
34,12,critical/other existing credit,business,1264,no known savings,>=7,4,male single,none,4,no known property,57,none,rent,1,unskilled resident,1,none,yes,good
35,12,existing paid,furniture/equipment,1474,<100,<1,4,female div/dep/mar,none,1,life insurance,33,bank,own,1,high qualif/self emp/mgmt,1,yes,yes,good
36,45,critical/other existing credit,radio/tv,4746,<100,<1,4,male single,none,2,life insurance,25,none,own,2,unskilled resident,1,none,yes,bad
37,48,critical/other existing credit,education,6110,<100,1<=X<4,1,male single,none,3,no known property,31,bank,for free,1,skilled,1,yes,yes,good
38,18,existing paid,radio/tv,2100,<100,1<=X<4,4,male single,co applicant,2,real estate,37,stores,own,1,skilled,1,none,yes,bad
39,10,existing paid,domestic appliance,1225,<100,1<=X<4,2,male single,none,2,car,37,none,own,1,skilled,1,yes,yes,good
40,9,existing paid,radio/tv,458,<100,1<=X<4,4,male single,none,3,real estate,24,none,own,1,skilled,1,none,yes,good
41,30,existing paid,radio/tv,2333,500<=X<1000,>=7,4,male single,none,2,car,30,bank,own,1,high qualif/self emp/mgmt,1,none,yes,good
42,12,existing paid,radio/tv,1158,500<=X<1000,1<=X<4,3,male div/sep,none,1,car,26,none,own,1,skilled,1,yes,yes,good
43,18,delayed previously,repairs,6204,<100,1<=X<4,2,male single,none,4,real estate,44,none,own,1,unskilled resident,2,yes,yes,good
44,30,critical/other existing credit,used car,6187,100<=X<500,4<=X<7,1,male mar/wid,none,4,car,24,none,rent,2,skilled,1,none,yes,good
45,48,critical/other existing credit,used car,6143,<100,>=7,4,female div/dep/mar,none,4,no known property,58,stores,for free,2,unskilled resident,1,none,yes,bad
46,11,critical/other existing credit,new car,1393,<100,<1,4,female div/dep/mar,none,4,car,35,none,own,2,high qualif/self emp/mgmt,1,none,yes,good
47,36,existing paid,radio/tv,2299,500<=X<1000,>=7,4,male single,none,4,car,39,none,own,1,skilled,1,none,yes,good
48,6,existing paid,used car,1352,500<=X<1000,unemployed,1,female div/dep/mar,none,2,life insurance,23,none,rent,1,unemp/unskilled non res,1,yes,yes,good
49,11,critical/other existing credit,new car,7228,<100,1<=X<4,1,male single,none,4,life insurance,39,none,own,2,unskilled resident,1,none,yes,good
50,12,existing paid,radio/tv,2073,100<=X<500,1<=X<4,4,female div/dep/mar,co applicant,2,real estate,28,none,own,1,skilled,1,none,yes,good
51,24,delayed previously,furniture/equipment,2333,no known savings,<1,4,male single,none,2,life insurance,29,bank,own,1,unskilled resident,1,none,yes,good
52,27,delayed previously,used car,5965,<100,>=7,1,male single,none,2,car,30,none,own,2,high qualif/self emp/mgmt,1,yes,yes,good
53,12,existing paid,radio/tv,1262,<100,1<=X<4,3,male single,none,2,car,25,none,own,1,skilled,1,none,yes,good
54,18,existing paid,used car,3378,no known savings,1<=X<4,2,male single,none,1,life insurance,31,none,own,1,skilled,1,yes,yes,good
55,36,delayed previously,new car,2225,<100,>=7,4,male single,none,4,no known property,57,bank,for free,2,skilled,1,yes,yes,bad
56,6,all paid,new car,783,no known savings,1<=X<4,1,male single,guarantor,2,real estate,26,stores,own,1,unskilled resident,2,none,yes,good
57,12,existing paid,radio/tv,6468,no known savings,unemployed,2,male single,none,1,no known property,52,none,own,1,high qualif/self emp/mgmt,1,yes,yes,bad
58,36,critical/other existing credit,radio/tv,9566,<100,1<=X<4,2,female div/dep/mar,none,2,car,31,stores,own,2,skilled,1,none,yes,good
59,18,existing paid,new car,1961,<100,>=7,3,female div/dep/mar,none,2,car,23,none,own,1,high qualif/self emp/mgmt,1,none,yes,good
60,36,critical/other existing credit,furniture/equipment,6229,<100,<1,4,female div/dep/mar,co applicant,4,no known property,23,none,rent,2,unskilled resident,1,yes,yes,bad
61,9,existing paid,business,1391,<100,1<=X<4,2,male mar/wid,none,1,real estate,27,bank,own,1,skilled,1,yes,yes,good
62,15,critical/other existing credit,radio/tv,1537,no known savings,>=7,4,male single,guarantor,4,real estate,50,none,own,2,skilled,1,yes,yes,good
63,36,no credits/all paid,business,1953,<100,>=7,4,male single,none,4,no known property,61,none,for free,1,high qualif/self emp/mgmt,1,yes,yes,bad
64,48,no credits/all paid,business,14421,<100,1<=X<4,2,male single,none,2,car,25,none,own,1,skilled,1,yes,yes,bad
65,24,existing paid,radio/tv,3181,<100,<1,4,female div/dep/mar,none,4,life insurance,26,none,own,1,skilled,1,yes,yes,good
66,27,existing paid,repairs,5190,no known savings,>=7,4,male single,none,4,life insurance,48,none,own,4,skilled,2,yes,yes,good
67,12,existing paid,radio/tv,2171,<100,<1,2,female div/dep/mar,none,2,car,29,bank,own,1,skilled,1,none,yes,good
68,12,existing paid,new car,1007,>=1000,1<=X<4,4,male mar/wid,none,1,real estate,22,none,own,1,skilled,1,none,yes,good
69,36,existing paid,education,1819,<100,1<=X<4,4,male single,none,4,no known property,37,stores,for free,1,skilled,1,yes,yes,bad
70,36,existing paid,radio/tv,2394,no known savings,1<=X<4,4,female div/dep/mar,none,4,car,25,none,own,1,skilled,1,none,yes,good
71,36,existing paid,used car,8133,<100,1<=X<4,1,female div/dep/mar,none,2,life insurance,30,bank,own,1,skilled,1,none,yes,good
72,7,critical/other existing credit,radio/tv,730,no known savings,>=7,4,male single,,2,life insurance,46,none,rent,2,unskilled resident,1,yes,yes,good
73,8,critical/other existing credit,other,1164,<100,>=7,3,male single,none,4,no known property,51,bank,for free,2,high qualif/self emp/mgmt,2,yes,yes,good
74,42,critical/other existing credit,business,5954,<100,4<=X<7,2,female div/dep/mar,none,1,real estate,41,bank,own,2,unskilled resident,1,none,yes,good
75,36,existing paid,education,1977,no known savings,>=7,4,male single,none,4,no known property,40,none,own,1,high qualif/self emp/mgmt,1,yes,yes,bad
76,12,critical/other existing credit,used car,1526,<100,>=7,4,male single,none,4,no known property,66,none,for free,2,high qualif/self emp/mgmt,1,none,yes,good
77,42,existing paid,radio/tv,3965,<100,<1,4,male single,none,3,car,34,none,own,1,skilled,1,none,yes,bad
78,11,delayed previously,radio/tv,4771,<100,4<=X<7,2,male single,none,4,life insurance,51,none,own,1,skilled,1,none,yes,good
79,54,no credits/all paid,used car,9436,no known savings,1<=X<4,2,male single,none,2,life insurance,39,none,own,1,unskilled resident,2,none,yes,good
80,30,existing paid,furniture/equipment,3832,<100,<1,2,male mar/wid,none,1,life insurance,22,none,own,1,skilled,1,none,yes,good
81,24,existing paid,radio/tv,5943,no known savings,<1,1,female div/dep/mar,none,1,car,44,none,own,2,skilled,1,yes,yes,bad
82,15,existing paid,radio/tv,1213,500<=X<1000,>=7,4,male single,none,3,life insurance,47,stores,own,1,skilled,1,yes,yes,good
83,18,existing paid,business,1568,100<=X<500,1<=X<4,3,female div/dep/mar,none,4,life insurance,24,none,rent,1,unskilled resident,1,none,yes,good
84,24,existing paid,other,1755,<100,>=7,4,female div/dep/mar,guarantor,4,real estate,58,none,own,1,unskilled resident,1,yes,yes,good
85,10,existing paid,radio/tv,2315,<100,>=7,3,male single,none,4,real estate,52,none,own,1,unskilled resident,1,none,yes,good
86,12,critical/other existing credit,business,1412,<100,1<=X<4,4,female div/dep/mar,guarantor,2,real estate,29,none,own,2,high qualif/self emp/mgmt,1,yes,yes,good
87,18,critical/other existing credit,furniture/equipment,1295,<100,<1,4,female div/dep/mar,none,1,life insurance,27,none,own,2,skilled,1,none,yes,good
88,36,existing paid,education,12612,100<=X<500,1<=X<4,1,male single,none,4,no known property,47,none,for free,1,skilled,2,yes,yes,bad
89,18,existing paid,new car,2249,100<=X<500,4<=X<7,4,male single,none,3,car,30,none,own,1,high qualif/self emp/mgmt,2,yes,yes,good
90,12,no credits/all paid,repairs,1108,<100,4<=X<7,4,male single,none,3,real estate,28,none,own,2,skilled,1,none,yes,bad
91,12,critical/other existing credit,radio/tv,618,<100,>=7,4,male single,none,4,real estate,56,none,own,1,skilled,1,none,yes,good
92,12,critical/other existing credit,used car,1409,<100,>=7,4,male single,none,3,real estate,54,none,own,1,skilled,1,none,yes,good
93,12,critical/other existing credit,radio/tv,797,no known savings,>=7,4,female div/dep/mar,none,3,life insurance,33,bank,own,1,unskilled resident,2,none,yes,bad
94,24,critical/other existing credit,furniture/equipment,3617,no known savings,>=7,4,male single,co applicant,4,no known property,20,none,rent,2,skilled,1,none,yes,good
95,12,existing paid,new car,1318,>=1000,>=7,4,male single,none,4,real estate,54,none,own,1,skilled,1,yes,yes,good
96,54,no credits/all paid,business,15945,<100,<1,3,male single,none,4,no known property,58,none,rent,1,skilled,1,yes,yes,bad
97,12,critical/other existing credit,education,2012,no known savings,4<=X<7,4,female div/dep/mar,none,2,car,61,none,own,1,skilled,1,none,yes,good
98,18,existing paid,business,2622,100<=X<500,1<=X<4,4,male single,none,4,car,34,none,own,1,skilled,1,none,yes,good
99,36,critical/other existing credit,radio/tv,2337,<100,>=7,4,male single,none,4,real estate,36,none,own,1,skilled,1,none,yes,good
100,20,delayed previously,used car,7057,no known savings,4<=X<7,3,male single,none,4,life insurance,36,bank,rent,2,high qualif/self emp/mgmt,2,yes,yes,good
101,24,existing paid,new car,1469,100<=X<500,>=7,4,male mar/wid,none,4,real estate,41,none,rent,1,unskilled resident,1,none,yes,good
102,36,existing paid,radio/tv,2323,<100,4<=X<7,4,male single,none,4,car,24,none,rent,1,skilled,1,none,yes,good
103,6,delayed previously,radio/tv,932,<100,1<=X<4,3,female div/dep/mar,none,2,real estate,24,none,own,1,skilled,1,none,yes,good
104,9,critical/other existing credit,furniture/equipment,1919,<100,4<=X<7,4,male single,none,3,car,35,none,rent,1,skilled,1,yes,yes,good
105,12,existing paid,used car,2445,no known savings,<1,2,male mar/wid,none,4,car,26,none,rent,1,skilled,1,yes,yes,good
106,24,critical/other existing credit,other,11938,<100,1<=X<4,2,male single,co applicant,3,car,39,none,own,2,high qualif/self emp/mgmt,2,yes,yes,bad
107,18,all paid,new car,6458,<100,>=7,2,male single,none,4,no known property,39,bank,own,2,high qualif/self emp/mgmt,2,yes,yes,bad
108,12,existing paid,new car,6078,<100,4<=X<7,2,male single,none,2,car,32,none,own,1,skilled,1,none,yes,good
109,24,existing paid,furniture/equipment,7721,no known savings,<1,1,female div/dep/mar,none,2,life insurance,30,none,own,1,skilled,1,yes,no,good
110,14,existing paid,business,1410,500<=X<1000,>=7,1,male mar/wid,none,2,real estate,35,none,own,1,skilled,1,yes,yes,good
111,6,delayed previously,business,1449,100<=X<500,>=7,1,male div/sep,none,2,car,31,bank,own,2,skilled,2,none,yes,good
112,15,existing paid,education,392,<100,<1,4,female div/dep/mar,none,4,life insurance,23,none,rent,1,skilled,1,yes,yes,good
113,18,existing paid,new car,6260,<100,4<=X<7,3,male single,none,3,real estate,28,none,rent,1,unskilled resident,1,none,yes,good
114,36,critical/other existing credit,new car,7855,<100,1<=X<4,4,female div/dep/mar,none,2,real estate,25,stores,own,2,skilled,1,yes,yes,bad
115,12,existing paid,radio/tv,1680,500<=X<1000,>=7,3,male mar/wid,none,1,real estate,35,none,own,1,skilled,1,none,yes,good
116,48,critical/other existing credit,radio/tv,3578,no known savings,>=7,4,male single,none,1,real estate,47,none,own,1,skilled,1,yes,yes,good
117,42,existing paid,radio/tv,7174,no known savings,4<=X<7,4,female div/dep/mar,none,3,car,30,none,own,1,high qualif/self emp/mgmt,1,yes,yes,bad
118,10,critical/other existing credit,furniture/equipment,,no known savings,<1,2,female div/dep/mar,co applicant,3,real estate,27,none,rent,2,skilled,1,none,no,good
119,33,critical/other existing credit,furniture/equipment,4281,500<=X<1000,1<=X<4,1,female div/dep/mar,none,4,car,23,none,own,2,skilled,1,none,yes,bad
120,12,critical/other existing credit,new car,2366,500<=X<1000,4<=X<7,3,male div/sep,none,3,car,36,none,own,1,high qualif/self emp/mgmt,1,yes,yes,good
121,21,existing paid,radio/tv,1835,<100,1<=X<4,3,female div/dep/mar,none,2,real estate,25,none,own,2,skilled,1,yes,yes,bad
122,24,critical/other existing credit,used car,3868,<100,>=7,4,female div/dep/mar,none,2,car,41,none,rent,2,high qualif/self emp/mgmt,1,yes,yes,good
123,12,existing paid,furniture/equipment,1768,<100,1<=X<4,3,male single,none,2,real estate,24,none,rent,1,,1,none,yes,good
124,10,critical/other existing credit,new car,781,<100,>=7,4,male single,none,4,no known property,63,none,for free,2,skilled,1,yes,yes,good
125,18,existing paid,furniture/equipment,1924,no known savings,<1,4,female div/dep/mar,none,3,real estate,27,none,rent,1,skilled,1,none,yes,bad
126,12,critical/other existing credit,new car,2121,<100,1<=X<4,4,male single,none,2,life insurance,30,none,own,2,skilled,1,none,yes,good
127,12,existing paid,radio/tv,701,<100,1<=X<4,4,male mar/wid,none,2,real estate,40,none,own,1,unskilled resident,1,none,yes,good
128,12,existing paid,repairs,639,<100,1<=X<4,4,male single,none,2,car,30,none,own,1,skilled,1,none,yes,bad
129,12,critical/other existing credit,used car,1860,<100,unemployed,4,male single,none,2,car,34,none,own,2,high qualif/self emp/mgmt,1,yes,yes,good
130,12,critical/other existing credit,new car,3499,<100,1<=X<4,3,female div/dep/mar,co applicant,2,real estate,29,none,own,2,skilled,1,none,yes,bad
131,48,existing paid,new car,8487,no known savings,4<=X<7,1,female div/dep/mar,none,2,car,24,none,own,1,skilled,1,none,yes,good
132,36,delayed previously,education,6887,<100,1<=X<4,4,male single,none,3,life insurance,29,stores,own,1,skilled,1,yes,yes,bad
133,15,existing paid,furniture/equipment,2708,<100,<1,2,male single,none,3,life insurance,27,bank,own,2,unskilled resident,1,none,yes,good
134,18,existing paid,furniture/equipment,1984,<100,1<=X<4,4,male single,none,4,no known property,47,bank,for free,2,skilled,1,none,yes,good
135,60,existing paid,radio/tv,10144,100<=X<500,4<=X<7,2,female div/dep/mar,none,4,real estate,21,none,own,1,skilled,1,yes,yes,good
136,12,critical/other existing credit,radio/tv,1240,no known savings,>=7,4,female div/dep/mar,none,2,real estate,38,none,own,2,skilled,1,yes,yes,good
137,27,delayed previously,used car,8613,>=1000,1<=X<4,2,male single,none,2,car,27,none,own,2,skilled,1,none,yes,good
138,12,existing paid,radio/tv,766,500<=X<1000,1<=X<4,4,male single,none,3,real estate,66,none,own,1,unskilled resident,1,none,yes,bad
139,15,critical/other existing credit,radio/tv,2728,no known savings,4<=X<7,4,male single,guarantor,2,real estate,35,bank,own,3,skilled,1,yes,yes,good
140,12,existing paid,radio/tv,1881,<100,1<=X<4,2,female div/dep/mar,none,2,car,44,none,rent,1,unskilled resident,1,yes,yes,good
141,6,existing paid,new car,709,>=1000,<1,2,male mar/wid,none,2,real estate,27,none,own,1,unemp/unskilled non res,1,none,no,good
142,36,existing paid,radio/tv,4795,<100,<1,4,female div/dep/mar,none,1,no known property,30,none,own,1,high qualif/self emp/mgmt,1,yes,yes,good
143,27,existing paid,radio/tv,3416,<100,1<=X<4,3,male single,none,2,car,27,none,own,1,high qualif/self emp/mgmt,1,none,yes,good
144,18,existing paid,furniture/equipment,2462,<100,1<=X<4,2,male single,none,2,car,22,none,own,1,skilled,1,none,yes,bad
145,21,critical/other existing credit,furniture/equipment,2288,<100,<1,4,female div/dep/mar,none,4,life insurance,23,none,own,1,skilled,1,yes,yes,good
146,48,all paid,business,3566,100<=X<500,4<=X<7,4,male single,none,2,car,30,none,own,1,skilled,1,none,yes,good
147,6,critical/other existing credit,new car,860,<100,>=7,1,female div/dep/mar,none,4,no known property,39,none,own,2,skilled,1,yes,yes,good
148,12,critical/other existing credit,new car,682,100<=X<500,4<=X<7,4,female div/dep/mar,none,3,car,51,none,own,2,skilled,1,yes,yes,good
149,36,critical/other existing credit,furniture/equipment,5371,<100,1<=X<4,3,male single,guarantor,2,life insurance,28,none,own,2,skilled,1,none,yes,good
150,18,critical/other existing credit,radio/tv,1582,>=1000,>=7,4,male single,none,4,car,46,none,own,2,skilled,1,none,yes,good
151,6,existing paid,radio/tv,1346,100<=X<500,>=7,2,male single,none,4,no known property,42,bank,for free,1,skilled,2,yes,yes,good
152,10,existing paid,radio/tv,1924,<100,1<=X<4,1,male single,none,4,life insurance,38,none,own,1,skilled,1,yes,no,good
153,36,existing paid,radio/tv,5848,<100,1<=X<4,4,male single,none,1,car,24,none,own,1,skilled,1,none,yes,good
154,24,critical/other existing credit,used car,7758,>=1000,>=7,2,female div/dep/mar,none,4,no known property,29,none,rent,1,skilled,1,none,yes,good
155,24,delayed previously,business,6967,100<=X<500,4<=X<7,4,male single,none,4,car,36,none,rent,1,high qualif/self emp/mgmt,1,yes,yes,good
156,12,existing paid,furniture/equipment,1282,<100,1<=X<4,2,female div/dep/mar,none,4,car,20,none,rent,1,skilled,1,none,yes,bad
157,9,critical/other existing credit,repairs,1288,100<=X<500,>=7,3,male single,guarantor,4,real estate,48,none,own,2,skilled,2,none,no,good
158,12,all paid,retraining,339,<100,>=7,4,male mar/wid,none,1,car,45,bank,own,1,unskilled resident,1,none,yes,good
159,24,existing paid,new car,3512,100<=X<500,4<=X<7,2,male single,none,3,car,38,bank,own,2,skilled,1,yes,yes,good
160,6,critical/other existing credit,radio/tv,1898,no known savings,1<=X<4,1,male single,none,2,real estate,34,none,own,2,unskilled resident,2,none,yes,good
161,24,critical/other existing credit,radio/tv,2872,100<=X<500,>=7,3,male single,none,4,real estate,36,none,own,1,skilled,2,yes,yes,good
162,18,critical/other existing credit,new car,1055,<100,<1,4,female div/dep/mar,none,1,life insurance,30,none,own,2,skilled,1,none,yes,good
163,15,existing paid,domestic appliance,1262,500<=X<1000,4<=X<7,4,male single,none,3,life insurance,36,none,own,2,skilled,1,yes,yes,good
164,10,existing paid,new car,7308,<100,unemployed,2,male single,none,4,no known property,70,bank,for free,1,high qualif/self emp/mgmt,1,yes,yes,good
165,36,existing paid,new car,909,500<=X<1000,>=7,4,male single,none,4,life insurance,36,none,own,1,skilled,1,none,yes,good
166,6,existing paid,furniture/equipment,2978,500<=X<1000,1<=X<4,1,male single,none,2,car,32,none,own,1,skilled,1,yes,yes,good
167,18,existing paid,furniture/equipment,1131,<100,unemployed,4,female div/dep/mar,none,2,car,33,none,own,1,skilled,1,none,yes,bad
168,11,existing paid,furniture/equipment,1577,>=1000,<1,4,female div/dep/mar,none,1,real estate,20,none,own,1,skilled,1,none,yes,good
169,24,existing paid,furniture/equipment,3972,<100,4<=X<7,2,female div/dep/mar,none,4,life insurance,25,none,rent,1,skilled,1,yes,yes,good
170,24,critical/other existing credit,business,1935,<100,>=7,4,male div/sep,none,4,real estate,31,none,own,2,skilled,1,yes,yes,bad
171,15,no credits/all paid,new car,950,<100,>=7,4,male single,none,3,car,33,none,rent,2,skilled,2,none,yes,bad
172,12,existing paid,furniture/equipment,763,<100,1<=X<4,4,female div/dep/mar,none,1,real estate,26,none,own,1,skilled,1,yes,yes,good
173,24,delayed previously,furniture/equipment,2064,<100,unemployed,3,female div/dep/mar,none,2,life insurance,34,none,own,1,high qualif/self emp/mgmt,1,yes,yes,bad
174,8,existing paid,radio/tv,1414,<100,1<=X<4,4,male single,guarantor,2,real estate,33,none,own,1,skilled,1,none,no,good
175,21,delayed previously,education,3414,<100,<1,2,male single,none,1,life insurance,26,none,own,2,skilled,1,none,yes,bad
176,30,all paid,used car,7485,no known savings,unemployed,4,female div/dep/mar,none,1,real estate,53,bank,own,1,high qualif/self emp/mgmt,1,yes,yes,bad
177,12,existing paid,furniture/equipment,2577,<100,1<=X<4,2,male div/sep,none,1,car,42,none,own,1,skilled,1,none,yes,good
178,6,critical/other existing credit,radio/tv,338,500<=X<1000,>=7,4,male single,none,4,car,52,none,own,2,skilled,1,none,yes,good
179,12,existing paid,radio/tv,1963,<100,4<=X<7,4,male single,none,2,car,31,none,rent,2,high qualif/self emp/mgmt,2,yes,yes,good
180,21,critical/other existing credit,new car,571,<100,>=7,4,male single,none,4,real estate,65,none,own,2,skilled,1,none,yes,good
181,36,delayed previously,business,9572,<100,<1,1,male div/sep,none,1,car,28,none,own,2,skilled,1,none,yes,bad
182,36,delayed previously,business,4455,<100,1<=X<4,2,male div/sep,none,2,real estate,30,stores,own,2,high qualif/self emp/mgmt,1,yes,yes,bad
183,21,all paid,new car,1647,no known savings,1<=X<4,4,male single,none,2,life insurance,40,none,own,2,unskilled resident,2,none,yes,bad
184,24,critical/other existing credit,furniture/equipment,3777,>=1000,1<=X<4,4,male single,none,4,real estate,50,none,own,1,skilled,1,yes,yes,good
185,18,critical/other existing credit,new car,884,<100,>=7,4,male single,none,4,car,36,bank,own,1,skilled,2,yes,yes,bad
186,15,critical/other existing credit,radio/tv,1360,<100,1<=X<4,4,male single,none,2,life insurance,31,none,own,2,skilled,1,none,yes,good
187,9,all paid,used car,5129,<100,>=7,2,female div/dep/mar,none,4,no known property,74,bank,for free,1,high qualif/self emp/mgmt,2,yes,yes,bad
188,16,critical/other existing credit,new car,1175,<100,unemployed,2,male single,none,3,car,68,none,for free,3,unemp/unskilled non res,1,yes,yes,good
189,12,existing paid,radio/tv,674,100<=X<500,4<=X<7,4,male mar/wid,none,1,life insurance,20,none,own,1,skilled,1,none,yes,bad
190,18,no credits/all paid,furniture/equipment,3244,<100,1<=X<4,1,female div/dep/mar,none,4,car,33,bank,own,2,skilled,1,yes,yes,good
191,24,existing paid,business,4591,>=1000,1<=X<4,2,male single,none,3,life insurance,54,none,own,3,high qualif/self emp/mgmt,1,yes,yes,bad
192,48,no credits/all paid,business,3844,100<=X<500,4<=X<7,4,male single,none,4,no known property,34,none,for free,1,unskilled resident,2,none,yes,bad
193,27,existing paid,business,3915,<100,1<=X<4,4,male single,none,2,car,36,none,own,1,skilled,2,yes,yes,bad
194,6,existing paid,radio/tv,2108,<100,4<=X<7,2,male mar/wid,none,2,real estate,29,none,rent,1,skilled,1,none,yes,good
195,45,existing paid,radio/tv,3031,100<=X<500,1<=X<4,4,male single,guarantor,4,life insurance,21,none,rent,1,skilled,1,none,yes,bad
196,9,critical/other existing credit,education,1501,<100,>=7,2,female div/dep/mar,none,3,car,34,none,own,2,high qualif/self emp/mgmt,1,yes,yes,bad
197,6,critical/other existing credit,radio/tv,1382,<100,1<=X<4,1,female div/dep/mar,none,1,car,28,none,own,2,skilled,1,yes,yes,good
198,12,existing paid,furniture/equipment,951,100<=X<500,<1,4,female div/dep/mar,none,4,car,27,bank,rent,4,skilled,1,none,yes,bad
199,24,existing paid,used car,2760,no known savings,>=7,4,male single,none,4,no known property,36,bank,for free,1,skilled,1,yes,yes,good
200,18,delayed previously,furniture/equipment,4297,<100,>=7,4,male div/sep,none,3,no known property,40,none,own,1,high qualif/self emp/mgmt,1,yes,yes,bad
201,9,critical/other existing credit,education,936,500<=X<1000,>=7,4,male single,none,2,car,52,none,own,2,skilled,1,yes,yes,good
202,12,existing paid,new car,1168,<100,1<=X<4,4,male mar/wid,none,3,real estate,27,none,own,1,unskilled resident,1,none,yes,good
203,27,delayed previously,business,5117,<100,4<=X<7,3,male single,none,4,car,26,none,own,2,skilled,1,none,yes,good
204,12,existing paid,retraining,902,<100,4<=X<7,4,male mar/wid,none,4,life insurance,21,none,rent,1,skilled,1,none,yes,bad
205,12,critical/other existing credit,new car,1495,<100,>=7,4,male single,none,1,real estate,38,none,own,2,unskilled resident,2,none,yes,good
206,30,critical/other existing credit,used car,10623,<100,>=7,3,male single,none,4,no known property,38,none,for free,3,high qualif/self emp/mgmt,2,yes,yes,good
207,12,critical/other existing credit,furniture/equipment,1935,<100,>=7,4,male single,none,4,real estate,43,none,own,3,skilled,1,yes,yes,good
208,12,critical/other existing credit,domestic appliance,1424,<100,4<=X<7,4,male single,none,3,life insurance,26,none,own,1,skilled,1,none,yes,good
209,24,existing paid,business,6568,<100,1<=X<4,2,male mar/wid,none,2,car,21,stores,own,1,unskilled resident,1,none,yes,good
210,12,existing paid,used car,1413,>=1000,4<=X<7,3,male single,none,2,life insurance,55,none,own,1,skilled,1,none,no,good
211,9,critical/other existing credit,radio/tv,3074,no known savings,1<=X<4,1,male single,none,2,real estate,33,none,own,2,skilled,2,none,yes,good
212,36,existing paid,radio/tv,3835,no known savings,>=7,2,female div/dep/mar,none,4,real estate,45,none,own,1,,1,yes,yes,good
213,27,no credits/all paid,business,5293,<100,unemployed,2,male single,none,4,life insurance,50,stores,own,2,skilled,1,yes,yes,bad
214,30,delayed previously,business,1908,<100,>=7,4,male single,none,4,real estate,66,none,own,1,high qualif/self emp/mgmt,1,yes,yes,bad
215,36,critical/other existing credit,radio/tv,3342,no known savings,>=7,4,male single,none,2,car,51,none,own,1,skilled,1,yes,yes,good
216,6,critical/other existing credit,retraining,932,no known savings,4<=X<7,1,female div/dep/mar,none,3,life insurance,39,none,own,2,unskilled resident,1,none,yes,good
217,18,no credits/all paid,business,3104,<100,4<=X<7,3,male single,none,1,life insurance,31,bank,own,1,skilled,1,yes,yes,good
218,36,existing paid,radio/tv,3913,<100,1<=X<4,2,male single,none,2,real estate,23,none,own,1,skilled,1,yes,yes,good
219,24,existing paid,furniture/equipment,3021,<100,1<=X<4,2,male div/sep,none,2,real estate,24,none,rent,1,unskilled resident,1,none,yes,good
220,10,existing paid,new car,1364,<100,1<=X<4,2,female div/dep/mar,none,4,car,64,none,own,1,skilled,1,yes,yes,good
221,12,existing paid,radio/tv,625,<100,<1,4,male mar/wid,guarantor,1,real estate,26,bank,own,1,unskilled resident,1,none,yes,good
222,12,existing paid,education,1200,no known savings,1<=X<4,4,female div/dep/mar,none,4,life insurance,23,bank,rent,1,skilled,1,yes,yes,good
223,12,existing paid,radio/tv,707,<100,1<=X<4,4,male single,none,2,real estate,30,bank,own,2,skilled,1,none,yes,good
224,24,delayed previously,business,2978,no known savings,1<=X<4,4,male single,none,4,real estate,32,none,own,2,skilled,2,yes,yes,good
225,15,existing paid,used car,4657,<100,1<=X<4,3,male single,none,2,car,30,none,own,1,skilled,1,yes,yes,good
226,36,no credits/all paid,repairs,2613,<100,1<=X<4,4,male single,none,2,car,27,none,own,2,skilled,1,none,yes,good
227,48,existing paid,radio/tv,10961,>=1000,4<=X<7,1,male single,co applicant,2,no known property,27,bank,own,2,skilled,1,yes,yes,bad
228,12,existing paid,furniture/equipment,7865,<100,>=7,4,male single,none,4,no known property,53,none,for free,1,high qualif/self emp/mgmt,1,yes,yes,bad
229,9,existing paid,radio/tv,1478,<100,4<=X<7,4,male single,none,2,car,22,none,own,1,skilled,1,none,yes,bad
230,24,existing paid,furniture/equipment,3149,<100,<1,4,male single,none,1,no known property,22,bank,for free,1,skilled,1,none,yes,good
231,36,existing paid,radio/tv,4210,<100,1<=X<4,4,male single,none,2,car,26,none,own,1,skilled,1,none,yes,bad
232,9,existing paid,new car,2507,500<=X<1000,>=7,2,male single,none,4,no known property,51,none,for free,1,unskilled resident,1,none,yes,good
233,12,existing paid,radio/tv,2141,100<=X<500,4<=X<7,3,male single,none,1,no known property,35,none,own,1,skilled,1,none,yes,good
234,18,existing paid,radio/tv,866,<100,1<=X<4,4,male mar/wid,guarantor,2,real estate,25,none,own,1,unskilled resident,1,none,yes,good
235,4,critical/other existing credit,radio/tv,1544,<100,4<=X<7,2,male single,none,1,real estate,42,none,own,3,unskilled resident,2,none,yes,good
236,24,existing paid,radio/tv,1823,<100,unemployed,4,male single,none,2,car,30,stores,own,1,high qualif/self emp/mgmt,2,none,yes,bad
237,6,existing paid,new car,14555,no known savings,unemployed,1,male single,none,2,life insurance,23,none,own,1,unemp/unskilled non res,1,yes,yes,bad
238,21,existing paid,business,2767,100<=X<500,>=7,4,male div/sep,none,2,car,61,bank,rent,2,unskilled resident,1,none,yes,bad
239,12,critical/other existing credit,radio/tv,1291,<100,1<=X<4,4,female div/dep/mar,none,2,life insurance,35,none,own,2,skilled,1,none,yes,good
240,30,existing paid,radio/tv,2522,<100,>=7,1,male single,guarantor,3,life insurance,39,none,own,1,skilled,2,none,yes,good
241,24,existing paid,new car,915,no known savings,>=7,4,female div/dep/mar,none,2,car,29,bank,own,1,skilled,1,none,yes,bad
242,6,existing paid,radio/tv,1595,<100,4<=X<7,3,male single,none,2,life insurance,51,none,own,1,skilled,2,none,yes,good
243,48,no credits/all paid,used car,4605,<100,>=7,3,male single,none,4,no known property,24,none,for free,2,skilled,2,none,yes,bad
244,12,critical/other existing credit,business,1185,<100,1<=X<4,3,female div/dep/mar,none,2,real estate,27,none,own,2,skilled,1,none,yes,good
245,12,all paid,retraining,3447,500<=X<1000,1<=X<4,4,female div/dep/mar,none,3,real estate,35,none,own,1,unskilled resident,2,none,yes,good
246,24,existing paid,business,1258,<100,4<=X<7,4,male single,none,1,real estate,25,none,own,1,skilled,1,yes,yes,good
247,12,critical/other existing credit,radio/tv,717,<100,>=7,4,male single,none,4,real estate,52,none,own,3,skilled,1,none,yes,good
248,6,no credits/all paid,new car,1204,100<=X<500,1<=X<4,4,male single,none,1,no known property,35,bank,rent,1,skilled,1,none,no,good
249,24,existing paid,furniture/equipment,1925,<100,1<=X<4,2,male single,none,2,real estate,26,none,own,1,skilled,1,none,yes,good
250,18,existing paid,radio/tv,433,<100,unemployed,3,female div/dep/mar,co applicant,4,real estate,22,none,rent,1,skilled,1,none,yes,bad
251,6,critical/other existing credit,new car,666,>=1000,4<=X<7,3,female div/dep/mar,none,4,real estate,39,none,own,2,unskilled resident,1,yes,yes,good
252,12,existing paid,furniture/equipment,2251,<100,1<=X<4,1,female div/dep/mar,none,2,car,46,none,own,1,unskilled resident,1,none,yes,good
253,30,existing paid,new car,2150,<100,1<=X<4,4,female div/dep/mar,guarantor,2,no known property,24,bank,own,1,skilled,1,none,yes,bad
254,24,delayed previously,furniture/equipment,4151,100<=X<500,1<=X<4,2,male single,none,3,life insurance,35,none,own,2,skilled,1,none,yes,good
255,9,existing paid,furniture/equipment,2030,no known savings,4<=X<7,2,male single,none,1,car,24,none,own,1,skilled,1,yes,yes,good
256,60,delayed previously,radio/tv,7418,no known savings,1<=X<4,1,male single,none,1,real estate,27,none,own,1,unskilled resident,1,none,yes,good
257,24,critical/other existing credit,radio/tv,2684,<100,1<=X<4,4,male single,none,2,real estate,35,none,own,2,unskilled resident,1,none,yes,good
258,12,all paid,radio/tv,2149,<100,1<=X<4,4,male div/sep,none,1,no known property,29,none,for free,1,skilled,1,none,yes,bad
259,15,existing paid,used car,3812,100<=X<500,<1,1,female div/dep/mar,none,4,car,23,none,own,1,skilled,1,yes,yes,good
260,11,critical/other existing credit,radio/tv,1154,100<=X<500,unemployed,4,female div/dep/mar,none,4,real estate,57,none,own,3,unskilled resident,1,none,yes,good
261,12,existing paid,furniture/equipment,1657,<100,1<=X<4,2,male single,none,2,real estate,27,none,own,1,skilled,1,none,yes,good
262,24,existing paid,radio/tv,1603,<100,>=7,4,female div/dep/mar,none,4,car,55,none,own,1,skilled,1,none,yes,good
263,18,critical/other existing credit,new car,5302,<100,>=7,2,male single,none,4,no known property,36,none,for free,3,high qualif/self emp/mgmt,1,yes,yes,good
264,12,critical/other existing credit,education,2748,<100,>=7,2,female div/dep/mar,none,4,no known property,57,bank,for free,3,unskilled resident,1,none,yes,good
265,10,critical/other existing credit,new car,1231,<100,>=7,3,male single,none,4,real estate,32,none,own,2,unskilled resident,2,none,no,good
266,15,existing paid,radio/tv,802,<100,>=7,4,male single,none,3,car,37,none,own,1,skilled,2,none,yes,bad
267,36,critical/other existing credit,business,6304,no known savings,>=7,4,male single,none,4,real estate,36,none,own,2,skilled,1,none,yes,good
268,24,existing paid,radio/tv,1533,<100,<1,4,female div/dep/mar,none,3,car,38,stores,own,1,skilled,1,yes,yes,good
269,14,existing paid,new car,8978,<100,>=7,1,male div/sep,none,4,life insurance,45,none,own,1,high qualif/self emp/mgmt,1,yes,no,bad
270,24,existing paid,radio/tv,999,no known savings,>=7,4,male single,none,2,car,25,none,own,2,skilled,1,none,yes,good
271,18,existing paid,new car,2662,no known savings,4<=X<7,4,male single,none,3,life insurance,32,none,own,1,skilled,1,none,no,good
272,12,critical/other existing credit,furniture/equipment,,500<=X<1000,4<=X<7,3,female div/dep/mar,none,4,car,37,none,rent,1,skilled,1,yes,yes,good
273,48,all paid,new car,12169,no known savings,unemployed,4,male single,co applicant,4,no known property,36,none,for free,1,high qualif/self emp/mgmt,1,yes,yes,good
274,48,existing paid,radio/tv,3060,<100,4<=X<7,4,male single,none,4,real estate,28,none,own,2,skilled,1,none,yes,bad
275,30,existing paid,repairs,11998,<100,<1,1,male div/sep,none,1,no known property,34,none,own,1,unskilled resident,1,yes,yes,bad
276,9,existing paid,radio/tv,2697,<100,1<=X<4,1,male single,none,2,real estate,32,none,own,1,skilled,2,none,yes,good
277,18,critical/other existing credit,radio/tv,2404,<100,1<=X<4,2,female div/dep/mar,none,2,car,26,none,own,2,skilled,1,none,yes,good
278,12,existing paid,furniture/equipment,1262,no known savings,>=7,2,male div/sep,none,4,life insurance,49,none,own,1,unskilled resident,1,yes,yes,good
279,6,existing paid,furniture/equipment,4611,<100,<1,1,female div/dep/mar,none,4,life insurance,32,none,own,1,skilled,1,none,yes,bad
280,24,existing paid,radio/tv,1901,100<=X<500,1<=X<4,4,male single,none,4,car,29,none,rent,1,high qualif/self emp/mgmt,1,yes,yes,good
281,15,critical/other existing credit,used car,3368,>=1000,>=7,3,male single,none,4,no known property,23,none,rent,2,skilled,1,yes,yes,good
282,12,existing paid,furniture/equipment,1574,<100,1<=X<4,4,male single,none,2,real estate,50,none,own,1,skilled,1,none,yes,good
283,18,all paid,radio/tv,1445,no known savings,4<=X<7,4,male single,none,4,car,49,bank,own,1,unskilled resident,1,none,yes,good
284,15,critical/other existing credit,furniture/equipment,1520,no known savings,>=7,4,male single,none,4,life insurance,63,none,own,1,skilled,1,none,yes,good
285,24,critical/other existing credit,new car,3878,100<=X<500,<1,4,male div/sep,none,2,car,37,none,own,1,skilled,1,yes,yes,good
286,47,existing paid,new car,10722,<100,<1,1,female div/dep/mar,none,1,real estate,35,none,own,1,unskilled resident,1,yes,yes,good
287,48,existing paid,used car,4788,<100,4<=X<7,4,male single,none,3,life insurance,26,none,own,1,skilled,2,none,yes,good
288,48,delayed previously,other,7582,100<=X<500,unemployed,2,male single,none,4,no known property,31,none,for free,1,high qualif/self emp/mgmt,1,yes,yes,good
289,12,existing paid,radio/tv,1092,<100,1<=X<4,4,female div/dep/mar,guarantor,4,real estate,49,none,own,2,,1,yes,yes,good
290,24,delayed previously,radio/tv,1024,<100,<1,4,male mar/wid,none,4,real estate,48,stores,own,1,skilled,1,none,yes,bad
291,12,existing paid,business,1076,<100,1<=X<4,2,male mar/wid,none,2,real estate,26,none,own,1,skilled,1,yes,no,good
292,36,existing paid,used car,9398,<100,<1,1,male mar/wid,none,4,car,28,none,rent,1,high qualif/self emp/mgmt,1,yes,yes,bad
293,24,critical/other existing credit,used car,6419,<100,>=7,2,female div/dep/mar,none,4,no known property,44,none,for free,2,high qualif/self emp/mgmt,2,yes,yes,good
294,42,critical/other existing credit,used car,4796,<100,>=7,4,male single,none,4,no known property,56,none,for free,1,skilled,1,none,yes,good
295,48,critical/other existing credit,business,7629,no known savings,>=7,4,male div/sep,none,2,car,46,bank,own,2,high qualif/self emp/mgmt,2,none,yes,good
296,48,existing paid,furniture/equipment,9960,<100,<1,1,female div/dep/mar,none,2,car,26,none,own,1,skilled,1,yes,yes,bad
297,12,existing paid,used car,4675,no known savings,<1,1,female div/dep/mar,none,4,car,20,none,rent,1,skilled,1,none,yes,good
298,10,existing paid,new car,1287,no known savings,>=7,4,male single,co applicant,2,life insurance,45,none,own,1,unskilled resident,1,none,no,good
299,18,existing paid,furniture/equipment,2515,<100,1<=X<4,3,male single,none,4,real estate,43,none,own,1,skilled,1,yes,yes,good
300,21,critical/other existing credit,furniture/equipment,2745,>=1000,4<=X<7,3,male single,none,2,car,32,none,own,2,skilled,1,yes,yes,good
301,6,existing paid,new car,672,<100,unemployed,1,female div/dep/mar,none,4,real estate,54,none,own,1,unemp/unskilled non res,1,yes,yes,good
302,36,no credits/all paid,radio/tv,3804,<100,1<=X<4,4,female div/dep/mar,none,1,car,42,none,own,1,skilled,1,yes,yes,bad
303,24,critical/other existing credit,new car,1344,no known savings,4<=X<7,4,male single,none,2,real estate,37,bank,own,2,unskilled resident,2,none,yes,bad
304,10,critical/other existing credit,new car,1038,<100,4<=X<7,4,male single,co applicant,3,life insurance,49,none,own,2,skilled,1,yes,yes,good
305,48,critical/other existing credit,new car,10127,500<=X<1000,1<=X<4,2,male single,none,2,no known property,44,bank,for free,1,skilled,1,none,yes,bad
306,6,existing paid,furniture/equipment,1543,>=1000,1<=X<4,4,male div/sep,none,2,real estate,33,none,own,1,skilled,1,none,yes,good
307,30,existing paid,used car,4811,no known savings,4<=X<7,2,female div/dep/mar,none,4,life insurance,24,stores,rent,1,unskilled resident,1,none,yes,good
308,12,existing paid,radio/tv,727,100<=X<500,<1,4,male mar/wid,none,3,no known property,33,none,own,1,unskilled resident,1,yes,yes,bad
309,8,existing paid,furniture/equipment,1237,<100,1<=X<4,3,female div/dep/mar,none,4,real estate,24,none,own,1,skilled,1,none,yes,bad
310,9,existing paid,new car,276,<100,1<=X<4,4,male mar/wid,none,4,real estate,22,none,rent,1,unskilled resident,1,none,yes,good
311,48,existing paid,other,5381,no known savings,unemployed,3,male single,none,4,no known property,40,bank,for free,1,unemp/unskilled non res,1,yes,yes,good
312,24,existing paid,furniture/equipment,5511,100<=X<500,1<=X<4,4,male single,none,1,car,25,stores,own,1,skilled,1,none,yes,good
313,24,existing paid,furniture/equipment,3749,<100,<1,2,female div/dep/mar,none,4,car,26,none,own,1,skilled,1,none,yes,good
314,12,existing paid,new car,685,<100,4<=X<7,2,male mar/wid,none,3,car,25,bank,own,1,unskilled resident,1,none,yes,bad
315,4,existing paid,new car,1494,no known savings,<1,1,male single,none,2,real estate,29,none,own,1,unskilled resident,2,none,no,good
316,36,all paid,furniture/equipment,2746,<100,>=7,4,male single,none,4,car,31,bank,own,1,skilled,1,none,yes,bad
317,12,existing paid,furniture/equipment,708,<100,1<=X<4,2,male single,guarantor,3,life insurance,38,none,own,1,unskilled resident,2,none,yes,good
318,24,existing paid,furniture/equipment,4351,no known savings,1<=X<4,1,female div/dep/mar,none,4,life insurance,48,none,own,1,unskilled resident,1,yes,yes,good
319,12,critical/other existing credit,education,701,<100,1<=X<4,4,male single,none,2,car,32,none,own,2,skilled,1,none,yes,good
320,15,delayed previously,furniture/equipment,3643,<100,>=7,1,female div/dep/mar,none,4,life insurance,27,none,own,2,unskilled resident,1,none,yes,good
321,30,critical/other existing credit,new car,4249,<100,unemployed,4,male mar/wid,none,2,car,28,none,own,2,high qualif/self emp/mgmt,1,none,yes,bad
322,24,existing paid,radio/tv,1938,<100,<1,4,male div/sep,none,3,life insurance,32,none,own,1,skilled,1,none,yes,bad
323,24,existing paid,used car,2910,<100,4<=X<7,2,male single,none,1,no known property,34,none,for free,1,high qualif/self emp/mgmt,1,yes,yes,good
324,18,existing paid,furniture/equipment,2659,>=1000,1<=X<4,4,male single,none,2,car,28,none,own,1,skilled,1,none,yes,good
325,18,critical/other existing credit,new car,1028,<100,1<=X<4,4,female div/dep/mar,none,3,real estate,36,none,own,2,skilled,1,none,yes,good
326,8,critical/other existing credit,new car,3398,<100,4<=X<7,1,male single,none,4,real estate,39,none,own,2,unskilled resident,1,none,no,good
327,12,critical/other existing credit,furniture/equipment,5801,no known savings,>=7,2,male single,none,4,life insurance,49,none,rent,1,skilled,1,yes,yes,good
328,24,existing paid,new car,1525,>=1000,4<=X<7,4,female div/dep/mar,none,3,car,34,none,own,1,skilled,2,yes,yes,good
329,36,existing paid,radio/tv,4473,<100,>=7,4,male single,none,2,car,31,none,own,1,skilled,1,none,yes,good
330,6,existing paid,radio/tv,1068,<100,>=7,4,male single,none,4,car,28,none,own,1,skilled,2,none,yes,good
331,24,critical/other existing credit,used car,6615,<100,unemployed,2,male single,none,4,no known property,75,none,for free,2,high qualif/self emp/mgmt,1,yes,yes,good
332,18,critical/other existing credit,education,1864,100<=X<500,1<=X<4,4,female div/dep/mar,none,2,real estate,30,none,own,2,skilled,1,none,yes,bad
333,60,existing paid,new car,7408,100<=X<500,<1,4,female div/dep/mar,none,2,life insurance,24,none,own,1,high qualif/self emp/mgmt,1,none,yes,bad
334,48,critical/other existing credit,used car,11590,100<=X<500,1<=X<4,2,female div/dep/mar,none,4,car,24,bank,rent,2,unskilled resident,1,none,yes,bad
335,24,no credits/all paid,furniture/equipment,4110,<100,>=7,3,male single,none,4,no known property,23,bank,rent,2,skilled,2,none,yes,bad
336,6,critical/other existing credit,furniture/equipment,3384,<100,1<=X<4,1,male div/sep,none,4,real estate,44,none,rent,1,high qualif/self emp/mgmt,1,yes,yes,bad
337,13,existing paid,radio/tv,2101,<100,<1,2,female div/dep/mar,guarantor,4,life insurance,23,none,own,1,unskilled resident,1,none,yes,good
338,15,existing paid,domestic appliance,1275,no known savings,1<=X<4,4,female div/dep/mar,none,2,car,24,none,rent,1,skilled,1,none,yes,bad
339,24,existing paid,furniture/equipment,4169,<100,1<=X<4,4,male single,none,4,life insurance,28,none,own,1,skilled,1,none,yes,good
340,10,existing paid,furniture/equipment,1521,<100,1<=X<4,4,male div/sep,none,2,car,31,none,own,1,unskilled resident,1,none,yes,good
341,24,critical/other existing credit,education,5743,<100,<1,2,female div/dep/mar,none,4,no known property,24,none,for free,2,skilled,1,yes,yes,good
342,21,existing paid,furniture/equipment,3599,<100,4<=X<7,1,female div/dep/mar,none,4,car,26,none,rent,1,unskilled resident,1,none,yes,good
343,18,existing paid,radio/tv,3213,500<=X<1000,<1,1,male mar/wid,none,3,real estate,25,none,rent,1,skilled,1,none,yes,good
344,18,existing paid,business,4439,<100,>=7,1,male single,co applicant,1,real estate,33,bank,own,1,high qualif/self emp/mgmt,1,yes,yes,good
345,10,existing paid,new car,3949,<100,<1,1,male single,guarantor,1,life insurance,37,none,own,1,unskilled resident,2,none,yes,good
346,15,critical/other existing credit,radio/tv,1459,<100,1<=X<4,4,female div/dep/mar,none,2,car,43,none,own,1,unskilled resident,1,none,yes,good
347,13,critical/other existing credit,radio/tv,882,<100,<1,4,male single,guarantor,4,real estate,23,none,own,2,skilled,1,none,yes,good
348,24,existing paid,radio/tv,3758,500<=X<1000,unemployed,1,female div/dep/mar,none,4,no known property,23,none,rent,1,unemp/unskilled non res,1,none,yes,good
349,6,delayed previously,business,1743,100<=X<500,1<=X<4,1,male single,none,2,real estate,34,none,own,2,unskilled resident,1,none,yes,good
350,9,critical/other existing credit,education,1136,>=1000,>=7,4,male single,none,3,no known property,32,none,for free,2,skilled,2,none,yes,bad
351,9,existing paid,domestic appliance,1236,<100,<1,1,female div/dep/mar,none,4,real estate,23,none,rent,1,skilled,1,yes,yes,good
352,9,existing paid,furniture/equipment,959,<100,1<=X<4,1,female div/dep/mar,none,2,car,29,none,own,1,skilled,1,none,no,bad
353,18,critical/other existing credit,used car,3229,no known savings,unemployed,2,male single,none,4,no known property,38,none,own,1,high qualif/self emp/mgmt,1,yes,yes,good
354,12,no credits/all paid,radio/tv,6199,<100,1<=X<4,4,male single,none,2,life insurance,28,none,rent,2,skilled,1,yes,yes,bad
355,10,existing paid,education,727,500<=X<1000,>=7,4,male single,none,4,no known property,46,none,for free,1,skilled,1,yes,yes,good
356,24,existing paid,new car,1246,<100,<1,4,male single,none,2,real estate,23,stores,own,1,unskilled resident,1,none,yes,bad
357,12,critical/other existing credit,radio/tv,2331,no known savings,>=7,1,male single,co applicant,4,real estate,49,none,own,1,skilled,1,yes,yes,good
358,36,delayed previously,radio/tv,4463,<100,1<=X<4,4,male single,none,2,car,26,none,own,2,high qualif/self emp/mgmt,1,yes,yes,bad
359,12,existing paid,radio/tv,776,<100,1<=X<4,4,male mar/wid,none,2,real estate,28,none,own,1,skilled,1,none,yes,good
360,30,existing paid,furniture/equipment,2406,<100,4<=X<7,4,female div/dep/mar,none,4,real estate,23,none,rent,1,skilled,1,none,yes,bad
361,18,existing paid,education,1239,no known savings,1<=X<4,4,male single,none,4,no known property,61,none,for free,1,skilled,1,none,yes,good
362,12,existing paid,radio/tv,3399,no known savings,>=7,2,male single,none,3,car,37,none,own,1,high qualif/self emp/mgmt,1,none,yes,good
363,12,delayed previously,new car,2247,<100,1<=X<4,2,female div/dep/mar,none,2,car,36,stores,own,2,skilled,1,yes,yes,good
364,6,existing paid,furniture/equipment,1766,<100,1<=X<4,1,male mar/wid,none,2,life insurance,21,none,rent,1,skilled,1,none,yes,good
365,18,existing paid,furniture/equipment,2473,<100,unemployed,4,male single,none,1,car,25,none,own,1,unemp/unskilled non res,1,none,yes,bad
366,12,existing paid,business,1542,<100,4<=X<7,2,male single,none,4,car,36,none,own,1,skilled,1,yes,yes,good
367,18,critical/other existing credit,used car,3850,<100,4<=X<7,3,male single,none,1,car,27,none,own,2,skilled,1,none,yes,good
368,18,existing paid,furniture/equipment,3650,<100,<1,1,female div/dep/mar,none,4,car,22,none,rent,1,skilled,1,none,yes,good
369,36,existing paid,furniture/equipment,3446,<100,>=7,4,male single,none,2,car,42,none,own,1,skilled,2,none,yes,bad
370,18,existing paid,furniture/equipment,3001,<100,4<=X<7,2,female div/dep/mar,none,4,real estate,40,none,rent,1,skilled,1,none,yes,good
371,36,existing paid,new car,3079,no known savings,1<=X<4,4,male single,none,4,real estate,36,none,own,1,skilled,1,none,yes,good
372,18,critical/other existing credit,radio/tv,6070,<100,>=7,3,male single,none,4,car,33,none,own,2,skilled,1,yes,yes,good
373,10,critical/other existing credit,furniture/equipment,2146,<100,<1,1,female div/dep/mar,none,3,real estate,23,none,rent,2,skilled,1,none,yes,good
374,60,critical/other existing credit,new car,13756,no known savings,>=7,2,male single,none,4,no known property,63,bank,for free,1,high qualif/self emp/mgmt,1,yes,yes,good
375,60,all paid,other,14782,100<=X<500,>=7,3,female div/dep/mar,none,4,no known property,60,bank,for free,2,high qualif/self emp/mgmt,1,yes,yes,bad
376,48,all paid,business,7685,<100,4<=X<7,2,female div/dep/mar,guarantor,4,car,37,none,rent,1,skilled,1,none,yes,bad
377,18,delayed previously,radio/tv,2320,<100,unemployed,2,male mar/wid,none,3,real estate,34,none,own,2,,1,none,yes,good
378,7,delayed previously,radio/tv,846,no known savings,>=7,3,male single,none,4,no known property,36,none,for free,1,skilled,1,none,yes,good
379,36,existing paid,new car,14318,<100,>=7,4,male single,none,2,no known property,57,none,for free,1,high qualif/self emp/mgmt,1,yes,yes,bad
380,6,critical/other existing credit,new car,362,100<=X<500,1<=X<4,4,female div/dep/mar,none,4,car,52,none,own,2,unskilled resident,1,none,yes,good
381,20,existing paid,furniture/equipment,2212,no known savings,4<=X<7,4,male single,none,4,car,39,none,own,1,skilled,1,yes,yes,good
382,18,existing paid,used car,12976,<100,unemployed,3,female div/dep/mar,none,4,no known property,38,none,for free,1,high qualif/self emp/mgmt,1,yes,yes,bad
383,22,existing paid,new car,1283,no known savings,4<=X<7,4,female div/dep/mar,none,4,life insurance,25,none,rent,1,skilled,1,none,yes,good
384,12,existing paid,new car,1330,<100,<1,4,male single,none,1,real estate,26,none,own,1,skilled,1,none,yes,good
385,30,delayed previously,business,4272,100<=X<500,1<=X<4,2,male single,none,2,life insurance,26,none,own,2,unskilled resident,1,none,yes,good
386,18,critical/other existing credit,radio/tv,2238,<100,1<=X<4,2,female div/dep/mar,none,1,car,25,none,own,2,skilled,1,none,yes,good
387,18,existing paid,radio/tv,1126,no known savings,<1,4,female div/dep/mar,none,2,real estate,21,none,rent,1,skilled,1,yes,yes,good
388,18,critical/other existing credit,furniture/equipment,7374,<100,unemployed,4,male single,none,4,life insurance,40,stores,own,2,high qualif/self emp/mgmt,1,yes,yes,good
389,15,critical/other existing credit,business,2326,500<=X<1000,1<=X<4,2,male single,none,4,car,27,bank,own,1,skilled,1,none,yes,good
390,9,existing paid,business,1449,<100,4<=X<7,3,female div/dep/mar,none,2,car,27,none,own,2,skilled,1,none,yes,good
391,18,existing paid,new car,1820,<100,1<=X<4,2,male mar/wid,none,2,life insurance,30,none,own,1,high qualif/self emp/mgmt,1,yes,yes,good
392,12,existing paid,furniture/equipment,983,>=1000,<1,1,female div/dep/mar,none,4,real estate,19,none,rent,1,unskilled resident,1,none,yes,good
393,36,existing paid,new car,3249,<100,4<=X<7,2,male single,none,4,no known property,39,bank,for free,1,high qualif/self emp/mgmt,2,yes,yes,good
394,6,critical/other existing credit,radio/tv,1957,<100,4<=X<7,1,female div/dep/mar,none,4,car,31,none,own,1,skilled,1,none,yes,good
395,9,critical/other existing credit,furniture/equipment,2406,<100,unemployed,2,male single,none,3,car,31,none,own,1,high qualif/self emp/mgmt,1,none,yes,good
396,39,delayed previously,education,11760,100<=X<500,4<=X<7,2,male single,none,3,no known property,32,none,rent,1,skilled,1,yes,yes,good
397,12,existing paid,furniture/equipment,2578,<100,unemployed,,female div/dep/mar,none,4,no known property,55,none,for free,1,high qualif/self emp/mgmt,1,none,yes,good
398,36,critical/other existing credit,furniture/equipment,2348,<100,1<=X<4,3,male mar/wid,none,2,life insurance,46,none,own,2,skilled,1,yes,yes,good
399,12,existing paid,new car,1223,<100,>=7,1,male div/sep,none,1,real estate,46,none,rent,2,skilled,1,none,yes,bad
400,24,critical/other existing credit,radio/tv,1516,>=1000,1<=X<4,4,female div/dep/mar,none,1,real estate,43,none,own,2,unskilled resident,1,none,yes,good
401,18,existing paid,radio/tv,1473,<100,<1,3,male mar/wid,none,4,real estate,39,none,own,1,skilled,1,yes,yes,good
402,18,critical/other existing credit,business,1887,no known savings,1<=X<4,4,male mar/wid,none,4,real estate,28,bank,own,2,skilled,1,none,yes,good
403,24,delayed previously,business,8648,<100,<1,2,male single,none,2,car,27,bank,own,2,skilled,1,yes,yes,bad
404,14,delayed previously,new car,802,<100,1<=X<4,4,male single,none,2,car,27,none,own,2,unskilled resident,1,none,yes,good
405,18,delayed previously,new car,2899,no known savings,>=7,4,male single,none,4,car,43,none,own,1,skilled,2,none,yes,good
406,24,existing paid,radio/tv,2039,<100,<1,1,male mar/wid,none,1,life insurance,22,none,own,1,skilled,1,yes,yes,bad
407,24,critical/other existing credit,used car,2197,no known savings,4<=X<7,4,male single,none,4,car,43,none,own,2,skilled,2,yes,yes,good
408,15,existing paid,radio/tv,1053,<100,<1,4,male mar/wid,none,2,real estate,27,none,own,1,skilled,1,none,no,good
409,24,existing paid,radio/tv,3235,500<=X<1000,>=7,3,male div/sep,none,2,car,26,none,own,1,high qualif/self emp/mgmt,1,yes,yes,good
410,12,critical/other existing credit,new car,939,500<=X<1000,4<=X<7,4,male mar/wid,none,2,real estate,28,none,own,3,skilled,1,yes,yes,bad
411,24,existing paid,radio/tv,1967,<100,>=7,4,female div/dep/mar,none,4,car,20,none,own,1,skilled,1,yes,yes,good
412,33,critical/other existing credit,used car,7253,<100,4<=X<7,3,male single,none,2,car,35,none,own,2,high qualif/self emp/mgmt,1,yes,yes,good
413,12,critical/other existing credit,business,2292,<100,unemployed,4,male single,none,2,car,42,stores,own,2,high qualif/self emp/mgmt,1,yes,yes,bad
414,10,existing paid,new car,1597,500<=X<1000,1<=X<4,3,male single,none,2,no known property,40,none,rent,1,unskilled resident,2,none,no,good
415,24,existing paid,new car,1381,no known savings,1<=X<4,4,female div/dep/mar,none,2,life insurance,35,none,own,1,skilled,1,none,yes,bad
416,36,critical/other existing credit,used car,5842,<100,>=7,2,male single,none,2,life insurance,35,none,own,2,skilled,2,yes,yes,good
417,12,existing paid,new car,2579,<100,<1,4,male single,none,1,real estate,33,none,own,1,unskilled resident,2,none,yes,bad
418,18,delayed previously,education,8471,no known savings,1<=X<4,1,female div/dep/mar,none,2,car,23,none,rent,2,skilled,1,yes,yes,good
419,21,existing paid,new car,2782,500<=X<1000,4<=X<7,1,female div/dep/mar,none,2,car,31,bank,own,1,high qualif/self emp/mgmt,1,none,yes,good
420,18,existing paid,new car,1042,no known savings,1<=X<4,4,female div/dep/mar,none,2,life insurance,33,none,own,1,skilled,1,none,yes,bad
421,15,existing paid,new car,3186,>=1000,4<=X<7,2,female div/dep/mar,none,3,car,20,none,rent,1,skilled,1,none,yes,good
422,12,existing paid,used car,2028,no known savings,1<=X<4,4,male single,none,2,car,30,none,own,1,skilled,1,none,yes,good
423,12,critical/other existing credit,new car,958,<100,4<=X<7,2,male single,none,3,real estate,47,none,own,2,unskilled resident,2,none,yes,good
424,21,delayed previously,furniture/equipment,1591,100<=X<500,4<=X<7,4,male single,none,3,real estate,34,none,own,2,high qualif/self emp/mgmt,1,none,yes,good
425,12,existing paid,furniture/equipment,2762,no known savings,>=7,1,female div/dep/mar,none,2,life insurance,25,bank,own,1,skilled,1,yes,yes,bad
426,18,existing paid,used car,2779,<100,1<=X<4,1,male mar/wid,none,3,car,21,none,rent,1,skilled,1,yes,yes,good
427,28,critical/other existing credit,radio/tv,2743,<100,>=7,4,male single,none,2,car,29,none,own,2,skilled,1,none,yes,good
428,18,critical/other existing credit,radio/tv,1149,>=1000,1<=X<4,4,male single,none,3,real estate,46,none,own,2,skilled,1,none,yes,good
429,9,existing paid,furniture/equipment,1313,<100,>=7,1,male single,none,4,car,20,none,own,1,skilled,1,none,yes,good
430,18,critical/other existing credit,repairs,1190,<100,unemployed,2,female div/dep/mar,none,4,no known property,55,none,for free,3,unemp/unskilled non res,2,none,yes,bad
431,5,existing paid,business,3448,<100,4<=X<7,1,male single,none,4,real estate,74,none,own,1,unskilled resident,1,none,yes,good
432,24,existing paid,other,11328,<100,1<=X<4,2,male single,co applicant,3,car,29,bank,own,2,high qualif/self emp/mgmt,1,yes,yes,bad
433,6,critical/other existing credit,furniture/equipment,1872,<100,unemployed,4,male single,none,4,no known property,36,none,for free,3,high qualif/self emp/mgmt,1,yes,yes,good
434,24,critical/other existing credit,repairs,2058,<100,1<=X<4,4,male div/sep,none,2,real estate,33,none,own,2,skilled,1,yes,yes,good
435,9,existing paid,furniture/equipment,2136,<100,1<=X<4,3,male single,none,2,real estate,25,none,own,1,skilled,1,none,yes,good
436,12,existing paid,radio/tv,1484,no known savings,1<=X<4,2,male mar/wid,none,1,real estate,25,none,own,1,skilled,1,yes,yes,bad
437,6,existing paid,repairs,660,500<=X<1000,4<=X<7,2,male mar/wid,none,4,real estate,23,none,rent,1,unskilled resident,1,none,yes,good
438,24,critical/other existing credit,new car,1287,>=1000,>=7,4,female div/dep/mar,none,4,real estate,37,none,own,2,skilled,1,yes,yes,good
439,42,critical/other existing credit,repairs,3394,<100,unemployed,4,male single,co applicant,4,car,65,none,own,2,unemp/unskilled non res,1,none,yes,good
440,12,all paid,business,609,<100,<1,4,female div/dep/mar,none,1,real estate,26,none,own,1,unemp/unskilled non res,1,none,yes,bad
441,12,existing paid,new car,1884,<100,>=7,4,male single,none,4,car,39,none,own,1,high qualif/self emp/mgmt,1,yes,yes,good
442,12,existing paid,furniture/equipment,1620,<100,1<=X<4,2,female div/dep/mar,co applicant,3,life insurance,30,none,own,1,skilled,1,none,yes,good
443,20,delayed previously,other,2629,<100,1<=X<4,2,male single,none,3,car,29,bank,own,2,skilled,1,yes,yes,good
444,12,existing paid,education,719,<100,>=7,4,male single,none,4,car,41,bank,own,1,unskilled resident,2,none,yes,bad
445,48,critical/other existing credit,furniture/equipment,5096,<100,1<=X<4,2,female div/dep/mar,none,3,car,30,none,own,1,high qualif/self emp/mgmt,1,yes,yes,bad
446,9,critical/other existing credit,education,1244,no known savings,>=7,4,female div/dep/mar,none,4,life insurance,41,none,rent,2,unskilled resident,1,none,yes,good
447,36,existing paid,new car,1842,<100,<1,4,female div/dep/mar,none,4,car,34,none,own,1,skilled,1,yes,yes,bad
448,7,existing paid,radio/tv,2576,<100,1<=X<4,2,male single,guarantor,2,real estate,35,none,own,1,skilled,1,none,yes,good
449,12,existing paid,furniture/equipment,1424,no known savings,>=7,3,female div/dep/mar,none,4,real estate,55,none,own,1,high qualif/self emp/mgmt,1,yes,yes,good
450,15,delayed previously,repairs,1512,>=1000,1<=X<4,3,male mar/wid,none,3,life insurance,61,stores,own,2,skilled,1,none,yes,bad
451,36,critical/other existing credit,used car,11054,no known savings,1<=X<4,4,male single,none,2,car,30,none,own,1,high qualif/self emp/mgmt,1,yes,yes,good
452,6,existing paid,radio/tv,518,<100,1<=X<4,3,female div/dep/mar,none,1,real estate,29,none,own,1,skilled,1,none,yes,good
453,12,no credits/all paid,furniture/equipment,2759,<100,>=7,2,male single,none,4,life insurance,34,none,own,2,skilled,1,none,yes,good
454,24,existing paid,used car,2670,<100,>=7,4,male single,none,4,car,35,none,own,1,high qualif/self emp/mgmt,1,yes,yes,good
455,24,existing paid,new car,4817,<100,4<=X<7,2,male single,co applicant,3,life insurance,31,none,own,1,skilled,1,yes,yes,bad
456,24,existing paid,used car,2679,<100,<1,4,female div/dep/mar,none,1,no known property,29,none,own,1,high qualif/self emp/mgmt,1,yes,yes,good
457,11,critical/other existing credit,new car,3905,<100,1<=X<4,2,male single,none,2,real estate,36,none,rent,2,skilled,2,none,yes,good
458,12,existing paid,used car,3386,<100,>=7,3,male single,none,4,no known property,35,none,for free,1,skilled,1,yes,yes,bad
459,6,existing paid,domestic appliance,343,<100,<1,4,female div/dep/mar,none,1,real estate,27,none,own,1,skilled,1,none,yes,good
460,18,existing paid,radio/tv,4594,<100,<1,3,male single,none,2,car,32,none,own,1,skilled,1,yes,yes,good
461,36,existing paid,furniture/equipment,3620,<100,1<=X<4,1,male single,guarantor,2,life insurance,37,none,own,1,skilled,2,none,yes,good
462,15,existing paid,new car,1721,<100,<1,2,male single,none,3,real estate,36,none,own,1,skilled,1,none,yes,good
463,12,existing paid,furniture/equipment,3017,<100,<1,3,female div/dep/mar,none,1,real estate,34,none,rent,1,high qualif/self emp/mgmt,1,none,yes,good
464,12,existing paid,retraining,754,no known savings,>=7,4,male single,none,4,life insurance,38,none,own,2,skilled,1,none,yes,good
465,18,existing paid,business,1950,<100,4<=X<7,4,male single,none,1,car,34,stores,own,2,skilled,1,yes,yes,good
466,24,existing paid,used car,2924,<100,1<=X<4,3,male single,guarantor,4,no known property,63,bank,own,1,skilled,2,yes,yes,good
467,24,delayed previously,radio/tv,1659,<100,<1,4,female div/dep/mar,none,2,car,29,none,rent,1,unskilled resident,1,yes,yes,bad
468,48,delayed previously,radio/tv,7238,no known savings,>=7,3,male single,none,3,car,32,bank,own,2,skilled,2,none,yes,good
469,33,delayed previously,business,2764,<100,1<=X<4,2,female div/dep/mar,none,2,car,26,none,own,2,skilled,1,yes,yes,good
470,24,delayed previously,used car,4679,<100,4<=X<7,3,male single,none,3,car,35,none,own,2,unskilled resident,1,yes,yes,good
471,24,existing paid,radio/tv,3092,100<=X<500,<1,3,male mar/wid,none,2,car,22,none,rent,1,skilled,1,yes,yes,bad
472,6,existing paid,education,448,<100,<1,4,female div/dep/mar,none,4,life insurance,23,none,own,1,skilled,1,none,yes,bad
473,9,existing paid,new car,654,<100,1<=X<4,4,male single,none,3,car,28,none,own,1,unskilled resident,1,none,yes,bad
474,6,existing paid,retraining,1238,no known savings,unemployed,4,male single,none,4,life insurance,36,none,own,1,high qualif/self emp/mgmt,2,yes,yes,good
475,18,critical/other existing credit,radio/tv,1245,<100,1<=X<4,4,male mar/wid,none,2,car,33,none,own,1,skilled,1,none,yes,bad
476,18,no credits/all paid,furniture/equipment,3114,<100,<1,1,female div/dep/mar,none,4,life insurance,26,none,rent,1,skilled,1,none,yes,bad
477,39,existing paid,used car,2569,500<=X<1000,1<=X<4,4,male single,none,4,car,24,none,own,1,skilled,1,none,yes,good
478,24,existing paid,radio/tv,5152,<100,4<=X<7,4,male single,none,2,car,25,bank,own,1,skilled,1,none,yes,good
479,12,existing paid,business,1037,100<=X<500,4<=X<7,3,male single,none,4,real estate,39,none,own,1,unskilled resident,1,none,yes,good
480,15,critical/other existing credit,furniture/equipment,1478,<100,>=7,4,male single,none,4,car,44,none,own,2,skilled,2,yes,yes,good
481,12,critical/other existing credit,radio/tv,3573,<100,1<=X<4,1,female div/dep/mar,none,1,real estate,23,none,own,1,unskilled resident,1,none,yes,good
482,24,existing paid,new car,1201,<100,<1,4,male single,none,1,life insurance,26,none,own,1,skilled,1,none,yes,good
483,30,existing paid,furniture/equipment,3622,>=1000,>=7,4,female div/dep/mar,none,4,life insurance,57,none,rent,2,skilled,1,yes,yes,good
484,15,delayed previously,furniture/equipment,960,>=1000,4<=X<7,3,female div/dep/mar,none,2,life insurance,30,none,own,2,skilled,1,none,yes,good
485,12,critical/other existing credit,new car,1163,500<=X<1000,1<=X<4,4,male single,none,4,real estate,44,none,own,1,skilled,1,yes,yes,good
486,6,delayed previously,new car,1209,<100,unemployed,4,male single,none,4,life insurance,47,none,own,1,high qualif/self emp/mgmt,1,yes,yes,bad
487,12,existing paid,radio/tv,3077,<100,1<=X<4,2,male single,none,4,car,52,none,own,1,skilled,1,yes,yes,good
488,24,existing paid,new car,3757,<100,>=7,4,female div/dep/mar,co applicant,4,no known property,62,none,for free,1,skilled,1,yes,yes,good
489,10,existing paid,new car,1418,100<=X<500,1<=X<4,3,male single,none,2,real estate,35,none,rent,1,unskilled resident,1,none,no,good
490,6,existing paid,new car,3518,<100,1<=X<4,2,male single,guarantor,3,life insurance,26,none,rent,1,skilled,1,none,yes,good
491,12,critical/other existing credit,radio/tv,1934,<100,>=7,2,male single,none,2,no known property,26,none,own,2,skilled,1,none,yes,good
492,27,no credits/all paid,business,8318,<100,>=7,2,female div/dep/mar,none,4,no known property,42,none,for free,2,high qualif/self emp/mgmt,1,yes,yes,bad
493,6,critical/other existing credit,radio/tv,1237,100<=X<500,1<=X<4,1,female div/dep/mar,none,1,life insurance,27,none,own,2,skilled,1,none,yes,good
494,6,existing paid,radio/tv,368,no known savings,>=7,4,male single,none,4,life insurance,38,none,own,1,skilled,1,none,yes,good
495,12,critical/other existing credit,new car,2122,<100,1<=X<4,3,male single,none,2,real estate,39,none,rent,2,unskilled resident,2,none,no,good
496,24,existing paid,furniture/equipment,2996,no known savings,1<=X<4,2,male mar/wid,none,4,car,20,none,own,1,skilled,1,none,yes,bad
497,36,existing paid,furniture/equipment,9034,100<=X<500,<1,4,male single,co applicant,1,no known property,29,none,rent,1,high qualif/self emp/mgmt,1,yes,yes,bad
498,24,critical/other existing credit,furniture/equipment,1585,<100,4<=X<7,4,male single,none,3,life insurance,40,none,own,2,skilled,1,none,yes,good
499,18,existing paid,radio/tv,1301,<100,>=7,4,male mar/wid,guarantor,2,real estate,32,none,own,1,unskilled resident,1,none,yes,good
500,6,critical/other existing credit,new car,1323,100<=X<500,>=7,2,male div/sep,none,4,car,28,none,own,2,skilled,2,yes,yes,good
